{"cameraMode":{"drawMode":0,"name":"Shaded","section":"Shading Mode"},"sceneLighting":true,"audioPlay":false,"sceneViewState":{"showFog":true,"showMaterialUpdate":false,"showSkybox":true,"showFlares":true,"showImageEffects":true,"showParticleSystems":true},"in2DMode":false,"pivot":{"x":45.540523529052737,"y":22.645841598510743,"z":-32.468353271484378},"rotation":{"x":0.06751886010169983,"y":-0.43239545822143557,"z":0.032490551471710208,"w":0.8985656499862671},"size":8.788961410522461,"orthographic":true}