{"cameraMode":{"drawMode":0,"name":"Shaded","section":"Shading Mode"},"sceneLighting":false,"audioPlay":false,"sceneViewState":{"showFog":true,"showMaterialUpdate":false,"showSkybox":true,"showFlares":true,"showImageEffects":true,"showParticleSystems":true},"in2DMode":false,"pivot":{"x":-2.5243842601776125,"y":-6.987033367156982,"z":33.08987045288086},"rotation":{"x":0.10711845755577088,"y":-0.03727683052420616,"z":0.0040102433413267139,"w":0.993553876876831},"size":17.74612808227539,"orthographic":false}