{"cameraMode":{"drawMode":0,"name":"Shaded","section":"Shading Mode"},"sceneLighting":false,"audioPlay":false,"sceneViewState":{"showFog":true,"showMaterialUpdate":false,"showSkybox":true,"showFlares":true,"showImageEffects":true,"showParticleSystems":true},"in2DMode":false,"pivot":{"x":-71.61669921875,"y":2.2846052646636965,"z":63.87587356567383},"rotation":{"x":-0.0027391875628381969,"y":-0.410496324300766,"z":-0.0012272431049495936,"w":0.9118584990501404},"size":53.553443908691409,"orthographic":false}