{"cameraMode":{"drawMode":0,"name":"Shaded","section":"Shading Mode"},"sceneLighting":false,"audioPlay":false,"sceneViewState":{"showFog":true,"showMaterialUpdate":false,"showSkybox":true,"showFlares":true,"showImageEffects":true,"showParticleSystems":true},"in2DMode":false,"pivot":{"x":0.02220039628446102,"y":-4.638632774353027,"z":9.151637077331543},"rotation":{"x":0.19962885975837708,"y":-0.014697855338454247,"z":0.002994696842506528,"w":0.9797652959823608},"size":8.317895889282227,"orthographic":false}