{"cameraMode":{"drawMode":0,"name":"Shaded","section":"Shading Mode"},"sceneLighting":false,"audioPlay":false,"sceneViewState":{"showFog":true,"showMaterialUpdate":false,"showSkybox":true,"showFlares":true,"showImageEffects":true,"showParticleSystems":true},"in2DMode":false,"pivot":{"x":-0.17538082599639893,"y":2.7924156188964845,"z":-1.176213264465332},"rotation":{"x":0.01877722144126892,"y":0.1122436374425888,"z":-0.0021272245794534685,"w":0.9935098886489868},"size":2.0363922119140627,"orthographic":false}